target1,target2,shared_followers
JeSuis34C,ElsyObradorova,2237
Soureh_design2,ExplosiveMediaa,1448
fahimiqbalemon,Richard_Prins,983
Richard_Prins,RIPGeorgeHabash,917
Richard_Prins,DKLarge2,754
Mima091203,Richard_Prins,662
mayasdreams,Richard_Prins,644
fahimiqbalemon,DKLarge2,640
fahimiqbalemon,RIPGeorgeHabash,638
Richard_Prins,ezbiderman,630
farahadams,Oldbag12345,626
fahimiqbalemon,Mima091203,624
fahimiqbalemon,ezbiderman,589
Oldbag12345,DKLarge2,573
DKLarge2,RIPGeorgeHabash,569
TheBirmingham6,DKLarge2,561
mayasdreams,DKLarge2,558
mayasdreams,Mima091203,539
mayasdreams,fahimiqbalemon,535
farahadams,JoannaTeglund,508
farahadams,DKLarge2,506
fahimiqbalemon,Hessamedia,500
ouitrvl,Richard_Prins,464
Mima091203,DKLarge2,457
Oldbag12345,JoannaTeglund,454
fahimiqbalemon,ouitrvl,445
Mima091203,ezbiderman,436
Richard_Prins,Hessamedia,418
TheBirmingham6,anniefofani,416
mayasdreams,RIPGeorgeHabash,399
silversinergy,Richard_Prins,380
DKLarge2,JoannaTeglund,374
Mima091203,RIPGeorgeHabash,372
mayasdreams,Oldbag12345,368
silversinergy,fahimiqbalemon,352
ezbiderman,Hessamedia,348
vulgarboatman,RIPGeorgeHabash,339
Richard_Prins,vulgarboatman,337
mayasdreams,ezbiderman,334
RIPGeorgeHabash,ezbiderman,334
Oldbag12345,RIPGeorgeHabash,333
Oldbag12345,Mima091203,330
anniefofani,ExplosiveMediaa,324
ouitrvl,ezbiderman,316
Mima091203,ysinvacaciones,310
DKLarge2,vulgarboatman,307
DKLarge2,anniefofani,307
DKLarge2,ezbiderman,304
Mima091203,Hessamedia,301
farahadams,mayasdreams,298
Richard_Prins,anniefofani,298
Soureh_design2,anniefofani,293
ouitrvl,Mima091203,290
ysinvacaciones,YoCambio20D,284
fahimiqbalemon,qqggpp86,280
RIPGeorgeHabash,Hessamedia,274
RIPGeorgeHabash,anniefofani,262
mayasdreams,Hessamedia,259
fahimiqbalemon,Oldbag12345,259
silversinergy,ezbiderman,258
Oldbag12345,Richard_Prins,258
silversinergy,Mima091203,257
farahadams,tchemtcem,251
ouitrvl,RIPGeorgeHabash,251
fahimiqbalemon,vulgarboatman,248
mayasdreams,ysinvacaciones,247
mayasdreams,anniefofani,243
Oldbag12345,qqggpp86,241
qqggpp86,Mima091203,240
farahadams,anniefofani,239
farahadams,qqggpp86,237
DKLarge2,Hessamedia,235
Richard_Prins,ysinvacaciones,228
silversinergy,RIPGeorgeHabash,227
ouitrvl,Hessamedia,225
Mima091203,YoCambio20D,225
fahimiqbalemon,qaizimi,222
silversinergy,Hessamedia,221
qqggpp86,DKLarge2,219
fahimiqbalemon,ysinvacaciones,217
silversinergy,ouitrvl,214
TheBirmingham6,ExplosiveMediaa,212
qqggpp86,ezbiderman,211
Soureh_design2,RIPGeorgeHabash,210
mayasdreams,vulgarboatman,208
DenyThemEssence,anniefofani,207
KeivanS5,fahimiqbalemon,207
JoannaTeglund,anniefofani,206
mayasdreams,JoannaTeglund,205
RIPGeorgeHabash,JoannaTeglund,203
farahadams,RIPGeorgeHabash,201
mayasdreams,ouitrvl,198
KeivanS5,Richard_Prins,197
KeivanS5,Hessamedia,197
tchemtcem,Oldbag12345,195
silversinergy,mayasdreams,194
qqggpp86,Richard_Prins,193
silversinergy,DKLarge2,192
Richard_Prins,qaizimi,191
mayasdreams,qqggpp86,188
qaizimi,ezbiderman,187
ouitrvl,DKLarge2,185
Richard_Prins,ExplosiveMediaa,182
TheBirmingham6,Richard_Prins,181
fahimiqbalemon,anniefofani,179
Mima091203,qaizimi,178
RIPGeorgeHabash,ExplosiveMediaa,172
qaizimi,Hessamedia,171
farahadams,Mima091203,170
Richard_Prins,zapanterablack,167
vulgarboatman,anniefofani,165
DenyThemEssence,Richard_Prins,164
xenosstinkriti2,JoannaTeglund,164
zapanterablack,ezbiderman,164
Mima091203,zapanterablack,162
Mima091203,vulgarboatman,160
qqggpp86,Hessamedia,159
vulgarboatman,ezbiderman,157
tchemtcem,JoannaTeglund,155
KeivanS5,RIPGeorgeHabash,155
fahimiqbalemon,zapanterablack,155
ouitrvl,qqggpp86,155
Oldbag12345,vulgarboatman,150
TheBirmingham6,farahadams,149
KeivanS5,DKLarge2,149
fahimiqbalemon,ieaglewatch,149
vulgarboatman,ExplosiveMediaa,149
farahadams,FernandezManu81,146
FernandezManu81,Oldbag12345,146
vulgarboatman,Hessamedia,145
Richard_Prins,EBRU24071923,144
ysinvacaciones,ezbiderman,144
DKLarge2,ysinvacaciones,143
DenyThemEssence,RIPGeorgeHabash,142
Oldbag12345,ezbiderman,141
Oldbag12345,Hessamedia,141
qqggpp86,RIPGeorgeHabash,140
Mima091203,anniefofani,140
RIPGeorgeHabash,ysinvacaciones,138
KeivanS5,ezbiderman,137
Oldbag12345,anniefofani,137
Mima091203,JoannaTeglund,134
ouitrvl,anniefofani,132
Richard_Prins,JoannaTeglund,131
EBRU24071923,ezbiderman,131
Hessamedia,ExplosiveMediaa,130
fahimiqbalemon,EBRU24071923,128
RGemmell75,farahadams,127
Oldbag12345,ouitrvl,127
Mima091203,EBRU24071923,127
silversinergy,KeivanS5,126
silversinergy,qaizimi,126
BenUzi19770,ezbiderman,126
zapanterablack,RIPGeorgeHabash,126
zaibx,Hessamedia,125
Richard_Prins,ieaglewatch,125
WOTCHA999,farahadams,124
tchemtcem,DKLarge2,124
silversinergy,Oldbag12345,123
mayasdreams,KeivanS5,123
TheBirmingham6,Soureh_design2,122
farahadams,fahimiqbalemon,122
silversinergy,vulgarboatman,122
ouitrvl,qaizimi,122
DenyThemEssence,fightBackAnon,121
moore_lynz45577,farahadams,121
Soureh_design2,vulgarboatman,121
tchemtcem,mayasdreams,121
Mima091203,ieaglewatch,121
KeivanS5,Mima091203,120
zapanterablack,Hessamedia,120
WOTCHA999,TheBirmingham6,119
farahadams,Richard_Prins,119
ieaglewatch,ezbiderman,119
moore_lynz45577,Oldbag12345,118
silversinergy,qqggpp86,118
BenUzi19770,fahimiqbalemon,118
zaibx,anniefofani,115
qqggpp86,JoannaTeglund,115
qaizimi,RIPGeorgeHabash,115
fahimiqbalemon,MontahaTarabey,113
JoannaTeglund,ExplosiveMediaa,113
KeivanS5,vulgarboatman,111
Hessamedia,anniefofani,111
DKLarge2,qaizimi,110
zaibx,Richard_Prins,108
Richard_Prins,bibishalom330,108
DenyThemEssence,ExplosiveMediaa,107
zaibx,fahimiqbalemon,107
EBRU24071923,Hessamedia,107
mayasdreams,zapanterablack,106
txemasg,YoCambio20D,105
zaibx,DKLarge2,105
Mima091203,ExplosiveMediaa,102
fightBackAnon,anniefofani,102
txemasg,ExplosiveMediaa,101
Soureh_design2,JoannaTeglund,101
FernandezManu81,JoannaTeglund,101
zaibx,RIPGeorgeHabash,101
Soureh_design2,Richard_Prins,100
fahimiqbalemon,bibishalom330,100
DKLarge2,MontahaTarabey,100
Soureh_design2,Hessamedia,99
ezbiderman,anniefofani,99
ouitrvl,vulgarboatman,98
TheBirmingham6,JoannaTeglund,97
ouitrvl,ysinvacaciones,97
ysinvacaciones,Hessamedia,97
TheBirmingham6,mayasdreams,96
BenUzi19770,Mima091203,96
mayasdreams,YoCambio20D,96
ouitrvl,zapanterablack,96
RGemmell75,Oldbag12345,95
Mima091203,MontahaTarabey,93
qaizimi,EBRU24071923,93
MontahaTarabey,Hessamedia,93
BenUzi19770,Hessamedia,92
KeivanS5,ouitrvl,92
DKLarge2,EBRU24071923,92
fahimiqbalemon,JoannaTeglund,91
qqggpp86,qaizimi,91
ElsyObradorova,EnriqueGarcaSo8,91
DKLarge2,ExplosiveMediaa,91
vulgarboatman,JoannaTeglund,91
Soureh_design2,DKLarge2,90
Oldbag12345,ysinvacaciones,90
TheBirmingham6,Oldbag12345,88
TheBirmingham6,Mima091203,88
farahadams,fightBackAnon,88
tchemtcem,Mima091203,88
KeivanS5,qqggpp86,88
silversinergy,ysinvacaciones,87
fahimiqbalemon,ExplosiveMediaa,87
farahadams,vulgarboatman,86
silversinergy,EBRU24071923,85
KeivanS5,Oldbag12345,85
zaibx,mayasdreams,84
BenUzi19770,qaizimi,84
ouitrvl,EBRU24071923,84
bibishalom330,Hessamedia,84
WOTCHA999,Oldbag12345,83
farahadams,ouitrvl,83
Bas642654743206,xenosstinkriti2,83
mayasdreams,qaizimi,83
zapanterablack,DKLarge2,83
zaibx,KeivanS5,82
qqggpp86,vulgarboatman,82
TheBirmingham6,fahimiqbalemon,81
KeivanS5,qaizimi,81
Mima091203,bibishalom330,81
bibishalom330,ezbiderman,81
BenUzi19770,Richard_Prins,80
mayasdreams,ExplosiveMediaa,80
Revolution93843,qqggpp86,79
Richard_Prins,MontahaTarabey,79
ElsyObradorova,ExplosiveMediaa,79
DKLarge2,ieaglewatch,79
ezbiderman,ExplosiveMediaa,79
zaibx,vulgarboatman,77
Anonymouso32196,ezbiderman,77
RIPGeorgeHabash,fightBackAnon,77
moore_lynz45577,JoannaTeglund,75
farahadams,Soureh_design2,75
FernandezManu81,mayasdreams,74
preetijjain,Richard_Prins,74
mayasdreams,ieaglewatch,74
qqggpp86,ieaglewatch,74
RIPGeorgeHabash,EBRU24071923,74
silversinergy,BenUzi19770,73
silversinergy,ieaglewatch,73
ouitrvl,JoannaTeglund,72
qqggpp86,zapanterablack,72
xixiltik,Mima091203,72
ieaglewatch,Hessamedia,72
zaibx,Oldbag12345,71
KeivanS5,EBRU24071923,71
ouitrvl,ieaglewatch,71
Soureh_design2,zaibx,70
zaibx,ExplosiveMediaa,70
BenUzi19770,qqggpp86,70
RIPGeorgeHabash,ieaglewatch,70
DenyThemEssence,TheBirmingham6,69
WOTCHA999,mayasdreams,69
RGemmell75,JoannaTeglund,69
mayasdreams,EBRU24071923,69
xixiltik,Richard_Prins,69
WOTCHA999,JoannaTeglund,68
TheBirmingham6,RIPGeorgeHabash,68
preetijjain,fahimiqbalemon,68
vulgarboatman,MontahaTarabey,68
JoannaTeglund,fightBackAnon,68
moore_lynz45577,DKLarge2,67
fahimiqbalemon,Anonymouso32196,67
zaibx,ezbiderman,66
silversinergy,zapanterablack,66
vulgarboatman,ysinvacaciones,66
DenyThemEssence,Soureh_design2,65
WOTCHA999,DKLarge2,65
zaibx,qqggpp86,65
BenUzi19770,ouitrvl,65
qqggpp86,ysinvacaciones,65
Richard_Prins,fightBackAnon,65
RIPGeorgeHabash,MontahaTarabey,65
FernandezManu81,DKLarge2,64
KeivanS5,anniefofani,64
qaizimi,ExplosiveMediaa,64
Soureh_design2,Oldbag12345,63
tchemtcem,FernandezManu81,63
tchemtcem,anniefofani,63
preetijjain,mayasdreams,63
fahimiqbalemon,xixiltik,63
WOTCHA999,anniefofani,62
TheBirmingham6,fightBackAnon,62
txemasg,Mima091203,62
zaibx,Mima091203,62
KeivanS5,ExplosiveMediaa,62
alihstem,Hessamedia,62
Oldbag12345,zapanterablack,62
xixiltik,ezbiderman,62
qaizimi,ieaglewatch,62
silversinergy,MontahaTarabey,61
mayasdreams,MontahaTarabey,61
ouitrvl,ExplosiveMediaa,61
qqggpp86,anniefofani,61
MontahaTarabey,ezbiderman,61
FernandezManu81,Mima091203,60
silversinergy,anniefofani,60
tchemtcem,qqggpp86,59
zaibx,silversinergy,59
silversinergy,bibishalom330,59
fahimiqbalemon,alihstem,59
Anonymouso32196,Hessamedia,59
vulgarboatman,qaizimi,59
RIPGeorgeHabash,bibishalom330,59
DenyThemEssence,ouitrvl,58
RGemmell75,tchemtcem,58
NocturnalDoom,Richard_Prins,58
silversinergy,ExplosiveMediaa,58
preetijjain,ieaglewatch,58
mayasdreams,bibishalom330,58
qqggpp86,EBRU24071923,58
RGemmell75,mayasdreams,57
preetijjain,Mima091203,57
preetijjain,DKLarge2,57
Oldbag12345,MontahaTarabey,57
ouitrvl,bibishalom330,57
anniefofani,Abra_Company,57
Soureh_design2,Mima091203,56
DKLarge2,fightBackAnon,56
qaizimi,ysinvacaciones,56
TheBirmingham6,ouitrvl,55
farahadams,untung_armi,55
farahadams,GM7077,55
zaibx,ouitrvl,55
BenUzi19770,DKLarge2,55
KeivanS5,bibishalom330,55
Oldbag12345,fightBackAnon,55
qqggpp86,MontahaTarabey,55
Mima091203,ElsyObradorova,55
qaizimi,bobreone,55
GM7077,anniefofani,55
BenUzi19770,RIPGeorgeHabash,54
KeivanS5,ysinvacaciones,54
Oldbag12345,qaizimi,54
DenyThemEssence,JoannaTeglund,53
FernandezManu81,qqggpp86,53
preetijjain,ezbiderman,53
EBRU24071923,bibishalom330,53
TheBirmingham6,zaibx,52
TheBirmingham6,vulgarboatman,52
farahadams,Hessamedia,52
BenUzi19770,mayasdreams,52
BenUzi19770,EBRU24071923,52
preetijjain,RIPGeorgeHabash,52
txemasg,Soureh_design2,51
fahimiqbalemon,bobreone,51
fahimiqbalemon,Just_Ayiex,51
Oldbag12345,GM7077,51
Hessamedia,JoannaTeglund,51
RGemmell75,DKLarge2,50
TheBirmingham6,NocturnalDoom,50
BenUzi19770,KeivanS5,50
qqggpp86,bibishalom330,50
Anonymouso32196,Mima091203,50
DKLarge2,bibishalom330,50
vulgarboatman,EBRU24071923,50
WOTCHA999,RGemmell75,49
TheBirmingham6,Hessamedia,49
moore_lynz45577,mayasdreams,49
SangZhi260,DKLarge2,49
Soureh_design2,fahimiqbalemon,49
Mr_Bhagat08,fahimiqbalemon,49
zaibx,JoannaTeglund,49
zapanterablack,ysinvacaciones,49
RGemmell75,TheBirmingham6,48
moore_lynz45577,qqggpp86,48
SangZhi260,Oldbag12345,48
untung_armi,Oldbag12345,48
tchemtcem,RIPGeorgeHabash,48
WOTCHA999,Mima091203,47
Mr_Bhagat08,ezbiderman,47
KeivanS5,alihstem,47
alihstem,DKLarge2,47
RIPGeorgeHabash,Abra_Company,47
ysinvacaciones,ieaglewatch,47
RGemmell75,FernandezManu81,46
farahadams,zaibx,46
KeivanS5,ieaglewatch,46
Oldbag12345,ieaglewatch,46
zapanterablack,ieaglewatch,46
DenyThemEssence,fahimiqbalemon,45
WOTCHA999,tchemtcem,45
moore_lynz45577,tchemtcem,45
SangZhi260,RIPGeorgeHabash,45
Soureh_design2,KeivanS5,45
fahimiqbalemon,elinggalatif,45
ouitrvl,Anonymouso32196,45
DKLarge2,GM7077,45
TheBirmingham6,ezbiderman,44
farahadams,xenosstinkriti2,44
Soureh_design2,mayasdreams,44
BenUzi19770,zapanterablack,44
qaizimi,MontahaTarabey,44
NocturnalDoom,RIPGeorgeHabash,43
Oldbag12345,EBRU24071923,43
ouitrvl,MontahaTarabey,43
elinggalatif,Richard_Prins,43
Richard_Prins,bobreone,43
ezbiderman,JoannaTeglund,43
TheBirmingham6,tchemtcem,42
moore_lynz45577,FernandezManu81,42
farahadams,SangZhi260,42
farahadams,zapanterablack,42
txemasg,ElsyObradorova,42
Mr_Bhagat08,Hessamedia,42
elinggalatif,Mima091203,42
Richard_Prins,Abra_Company,42
zapanterablack,anniefofani,42
qaizimi,anniefofani,42
ysinvacaciones,anniefofani,42
Soureh_design2,qaizimi,41
BenUzi19770,Anonymouso32196,41
alihstem,vulgarboatman,41
ouitrvl,xixiltik,41
Anonymouso32196,qaizimi,41
TheBirmingham6,ysinvacaciones,40
txemasg,anniefofani,40
Mr_Bhagat08,ouitrvl,40
Mr_Bhagat08,qqggpp86,40
GhaithAhmed117,fahimiqbalemon,40
silversinergy,Anonymouso32196,40
KeivanS5,MontahaTarabey,40
qqggpp86,ExplosiveMediaa,40
Mima091203,d_normyle0,40
Just_Ayiex,ezbiderman,40
FernandezManu81,anniefofani,39
zaibx,alihstem,39
preetijjain,Oldbag12345,39
zapanterablack,qaizimi,39
ysinvacaciones,EBRU24071923,39
EBRU24071923,ExplosiveMediaa,39
bornwanderer2,Hessamedia,39
xenosstinkriti2,anniefofani,38
NocturnalDoom,anniefofani,38
Mr_Bhagat08,Mima091203,38
BenUzi19770,bibishalom330,38
Anonymouso32196,Richard_Prins,38
xixiltik,RIPGeorgeHabash,38
Mima091203,fightBackAnon,38
EBRU24071923,MontahaTarabey,38
farahadams,ysinvacaciones,37
GhaithAhmed117,MontahaTarabey,37
preetijjain,Hessamedia,37
Mima091203,Just_Ayiex,37
Richard_Prins,YoCambio20D,37
Richard_Prins,GM7077,37
WOTCHA999,qqggpp86,36
TheBirmingham6,silversinergy,36
moore_lynz45577,Mima091203,36
Soureh_design2,tchemtcem,36
Soureh_design2,ezbiderman,36
zaibx,qaizimi,36
BenUzi19770,vulgarboatman,36
fahimiqbalemon,bornwanderer2,36
qqggpp86,Anonymouso32196,36
qaizimi,bibishalom330,36
JoannaTeglund,GM7077,36
WOTCHA999,ouitrvl,35
RGemmell75,qqggpp86,35
TimChowd,Oldbag12345,35
farahadams,Abra_Company,35
zaibx,bornwanderer2,35
fahimiqbalemon,209asif,35
Richard_Prins,Just_Ayiex,35
Richard_Prins,bornwanderer2,35
ElsyObradorova,YoCambio20D,35
DKLarge2,d_normyle0,35
vulgarboatman,ieaglewatch,35
JoannaTeglund,Abra_Company,35
TimChowd,farahadams,34
farahadams,ExplosiveMediaa,34
SangZhi260,JoannaTeglund,34
tchemtcem,ouitrvl,34
GhaithAhmed117,DKLarge2,34
preetijjain,ysinvacaciones,34
mayasdreams,fightBackAnon,34
KeivanS5,zapanterablack,34
alihstem,Richard_Prins,34
alihstem,ezbiderman,34
zapanterablack,bibishalom330,34
WOTCHA999,Richard_Prins,33
RGemmell75,moore_lynz45577,33
txemasg,ysinvacaciones,33
untung_armi,JoannaTeglund,33
zaibx,EBRU24071923,33
GhaithAhmed117,Hessamedia,33
silversinergy,xixiltik,33
silversinergy,JoannaTeglund,33
BenUzi19770,Oldbag12345,33
zapanterablack,EBRU24071923,33
DKLarge2,bobreone,33
bornwanderer2,ezbiderman,33
GM7077,fightBackAnon,33
fightBackAnon,ExplosiveMediaa,33
JeSuis34C,ExplosiveMediaa,32
zaibx,MontahaTarabey,32
silversinergy,preetijjain,32
KeivanS5,bornwanderer2,32
alihstem,RIPGeorgeHabash,32
xixiltik,DKLarge2,32
xixiltik,Hessamedia,32
elinggalatif,ezbiderman,32
EBRU24071923,ieaglewatch,32
DenyThemEssence,farahadams,31
DenyThemEssence,DKLarge2,31
DenyThemEssence,Abra_Company,31
moore_lynz45577,anniefofani,31
farahadams,KeivanS5,31
xenosstinkriti2,Oldbag12345,31
BenUzi19770,MontahaTarabey,31
preetijjain,ouitrvl,31
preetijjain,qqggpp86,31
DKLarge2,bornwanderer2,31
ysinvacaciones,MontahaTarabey,31
EBRU24071923,anniefofani,31
moore_lynz45577,RIPGeorgeHabash,30
farahadams,MontahaTarabey,30
Soureh_design2,ouitrvl,30
Soureh_design2,fightBackAnon,30
NocturnalDoom,DKLarge2,30
Mr_Bhagat08,Richard_Prins,30
GhaithAhmed117,vulgarboatman,30
silversinergy,elinggalatif,30
silversinergy,bornwanderer2,30
BenUzi19770,ExplosiveMediaa,30
mayasdreams,bobreone,30
qqggpp86,xixiltik,30
Mima091203,bobreone,30
RIPGeorgeHabash,GM7077,30
ysinvacaciones,ExplosiveMediaa,30
ezbiderman,209asif,30
Abra_Company,ExplosiveMediaa,30
DenyThemEssence,NocturnalDoom,29
farahadams,NocturnalDoom,29
txemasg,mayasdreams,29
silversinergy,alihstem,29
mayasdreams,Just_Ayiex,29
fahimiqbalemon,fightBackAnon,29
alihstem,qaizimi,29
Oldbag12345,Abra_Company,29
qqggpp86,elinggalatif,29
qqggpp86,Just_Ayiex,29
qqggpp86,fightBackAnon,29
Mima091203,EnriqueGarcaSo8,29
vulgarboatman,bibishalom330,29
Hessamedia,209asif,29
DenyThemEssence,vulgarboatman,28
WOTCHA999,FernandezManu81,28
RGemmell75,Mima091203,28
farahadams,ezbiderman,28
untung_armi,mayasdreams,28
Soureh_design2,Abra_Company,28
tchemtcem,fightBackAnon,28
Mr_Bhagat08,qaizimi,28
BenUzi19770,ysinvacaciones,28
preetijjain,vulgarboatman,28
KeivanS5,Anonymouso32196,28
fahimiqbalemon,YoCambio20D,28
alihstem,Mima091203,28
Mima091203,209asif,28
fonzooe,ezbiderman,28
TheBirmingham6,qqggpp86,27
untung_armi,tchemtcem,27
Soureh_design2,silversinergy,27
tchemtcem,fahimiqbalemon,27
Mr_Bhagat08,silversinergy,27
GhaithAhmed117,KeivanS5,27
GhaithAhmed117,ezbiderman,27
silversinergy,Just_Ayiex,27
mayasdreams,elinggalatif,27
mayasdreams,GM7077,27
alihstem,bornwanderer2,27
Oldbag12345,ExplosiveMediaa,27
ouitrvl,elinggalatif,27
Anonymouso32196,DKLarge2,27
xixiltik,EBRU24071923,27
elinggalatif,DKLarge2,27
elinggalatif,RIPGeorgeHabash,27
zapanterablack,vulgarboatman,27
DKLarge2,Abra_Company,27
qaizimi,d_normyle0,27
bobreone,RIPGeorgeHabash,27
RIPGeorgeHabash,bornwanderer2,27
Just_Ayiex,Hessamedia,27
MontahaTarabey,ieaglewatch,27
YoCambio20D,ExplosiveMediaa,27
TheBirmingham6,GM7077,26
moore_lynz45577,ouitrvl,26
Soureh_design2,EBRU24071923,26
Soureh_design2,ieaglewatch,26
xenosstinkriti2,DKLarge2,26
tchemtcem,vulgarboatman,26
zaibx,fightBackAnon,26
BenUzi19770,ieaglewatch,26
preetijjain,KeivanS5,26
mayasdreams,xixiltik,26
KeivanS5,209asif,26
alihstem,MontahaTarabey,26
ouitrvl,Just_Ayiex,26
Mima091203,fonzooe,26
zapanterablack,ExplosiveMediaa,26
bobreone,Hessamedia,26
ysinvacaciones,bibishalom330,26
Hessamedia,fightBackAnon,26
DenyThemEssence,ezbiderman,25
DenyThemEssence,Hessamedia,25
RGemmell75,ouitrvl,25
TheBirmingham6,FernandezManu81,25
txemasg,Richard_Prins,25
xenosstinkriti2,tchemtcem,25
mayasdreams,bornwanderer2,25
alihstem,qqggpp86,25
Oldbag12345,elinggalatif,25
Anonymouso32196,EBRU24071923,25
elinggalatif,qaizimi,25
elinggalatif,Hessamedia,25
zapanterablack,YoCambio20D,25
vulgarboatman,bornwanderer2,25
vulgarboatman,fightBackAnon,25
WOTCHA999,zaibx,24
TheBirmingham6,RHJOfficial,24
tchemtcem,Hessamedia,24
Mr_Bhagat08,mayasdreams,24
zaibx,BenUzi19770,24
GhaithAhmed117,Oldbag12345,24
UthamakiKE,ezbiderman,24
BenUzi19770,alihstem,24
BenUzi19770,Just_Ayiex,24
fahimiqbalemon,fonzooe,24
alihstem,EBRU24071923,24
qqggpp86,209asif,24
xixiltik,qaizimi,24
Richard_Prins,209asif,24
qaizimi,Just_Ayiex,24
WOTCHA999,fahimiqbalemon,23
TheBirmingham6,txemasg,23
farahadams,silversinergy,23
tchemtcem,GM7077,23
zaibx,GhaithAhmed117,23
UthamakiKE,fahimiqbalemon,23
UthamakiKE,Mima091203,23
mayasdreams,alihstem,23
KeivanS5,JoannaTeglund,23
fahimiqbalemon,Abra_Company,23
alihstem,209asif,23
xixiltik,ysinvacaciones,23
Richard_Prins,d_normyle0,23
bobreone,ezbiderman,23
ysinvacaciones,JoannaTeglund,23
EBRU24071923,d_normyle0,23
bibishalom330,ieaglewatch,23
ieaglewatch,ExplosiveMediaa,23
DenyThemEssence,zaibx,22
TheBirmingham6,qaizimi,22
untung_armi,qqggpp86,22
xenosstinkriti2,mayasdreams,22
FernandezManu81,Richard_Prins,22
FernandezManu81,RIPGeorgeHabash,22
Mr_Bhagat08,ieaglewatch,22
GhaithAhmed117,alihstem,22
GhaithAhmed117,Mima091203,22
GhaithAhmed117,RIPGeorgeHabash,22
preetijjain,qaizimi,22
preetijjain,EBRU24071923,22
alihstem,Oldbag12345,22
Oldbag12345,bornwanderer2,22
qqggpp86,GM7077,22
elinggalatif,ysinvacaciones,22
zapanterablack,MontahaTarabey,22
vulgarboatman,209asif,22
qaizimi,209asif,22
RIPGeorgeHabash,Just_Ayiex,22
EBRU24071923,Gokturk0034,22
TheBirmingham6,moore_lynz45577,21
TheBirmingham6,zapanterablack,21
Revolution93843,Soureh_design2,21
Bas642654743206,JoannaTeglund,21
Mr_Bhagat08,bibishalom330,21
zaibx,Abra_Company,21
GhaithAhmed117,BenUzi19770,21
ouitrvl,fightBackAnon,21
qqggpp86,d_normyle0,21
qqggpp86,YoCambio20D,21
Anonymouso32196,bibishalom330,21
Richard_Prins,fonzooe,21
DKLarge2,209asif,21
qaizimi,fonzooe,21
qaizimi,JoannaTeglund,21
d_normyle0,Hessamedia,21
Hessamedia,Abra_Company,21
WOTCHA999,moore_lynz45577,20
WOTCHA999,Hessamedia,20
RGemmell75,TimChowd,20
RGemmell75,anniefofani,20
JeSuis34C,Mima091203,20
SangZhi260,Soureh_design2,20
untung_armi,Mima091203,20
untung_armi,DKLarge2,20
Soureh_design2,qqggpp86,20
tchemtcem,zaibx,20
FernandezManu81,fightBackAnon,20
NocturnalDoom,ouitrvl,20
GhaithAhmed117,silversinergy,20
silversinergy,209asif,20
preetijjain,zapanterablack,20
mayasdreams,Abra_Company,20
Oldbag12345,bibishalom330,20
ouitrvl,Abra_Company,20
qqggpp86,bobreone,20
qqggpp86,bornwanderer2,20
Mima091203,GM7077,20
qaizimi,bornwanderer2,20
RIPGeorgeHabash,209asif,20
MontahaTarabey,d_normyle0,20
MontahaTarabey,JoannaTeglund,20
ezbiderman,YoCambio20D,20
DenyThemEssence,silversinergy,19
DenyThemEssence,Mima091203,19
farahadams,qaizimi,19
txemasg,DKLarge2,19
txemasg,JoannaTeglund,19
Soureh_design2,ElsyObradorova,19
xenosstinkriti2,Mima091203,19
NocturnalDoom,Mima091203,19
NocturnalDoom,JoannaTeglund,19
zaibx,ysinvacaciones,19
zaibx,bibishalom330,19
GhaithAhmed117,bornwanderer2,19
silversinergy,d_normyle0,19
UthamakiKE,ouitrvl,19
fahimiqbalemon,d_normyle0,19
ouitrvl,fonzooe,19
xixiltik,ElsyObradorova,19
xixiltik,zapanterablack,19
Mima091203,Abra_Company,19
zapanterablack,Just_Ayiex,19
DKLarge2,YoCambio20D,19
bobreone,ysinvacaciones,19
MontahaTarabey,bibishalom330,19
bibishalom330,ExplosiveMediaa,19
DenyThemEssence,mayasdreams,18
WOTCHA999,untung_armi,18
TheBirmingham6,ieaglewatch,18
TimChowd,tchemtcem,18
TimChowd,qqggpp86,18
JeSuis34C,EnriqueGarcaSo8,18
moore_lynz45577,vulgarboatman,18
Soureh_design2,NocturnalDoom,18
Soureh_design2,YoCambio20D,18
zaibx,ieaglewatch,18
ouitrvl,209asif,18
xixiltik,vulgarboatman,18
zapanterablack,JoannaTeglund,18
RIPGeorgeHabash,YoCambio20D,18
EBRU24071923,JoannaTeglund,18
EBRU24071923,209asif,18
MontahaTarabey,anniefofani,18
bibishalom330,YoCambio20D,18
ieaglewatch,anniefofani,18
ezbiderman,d_normyle0,18
WOTCHA999,fightBackAnon,17
TheBirmingham6,KeivanS5,17
JeSuis34C,farahadams,17
JeSuis34C,txemasg,17
farahadams,txemasg,17
SangZhi260,tchemtcem,17
Soureh_design2,ysinvacaciones,17
tchemtcem,Richard_Prins,17
FernandezManu81,vulgarboatman,17
NocturnalDoom,ExplosiveMediaa,17
Mr_Bhagat08,EBRU24071923,17
GhaithAhmed117,qqggpp86,17
GhaithAhmed117,Richard_Prins,17
GhaithAhmed117,ExplosiveMediaa,17
silversinergy,bobreone,17
UthamakiKE,Richard_Prins,17
UthamakiKE,Hessamedia,17
BenUzi19770,xixiltik,17
BenUzi19770,fonzooe,17
BenUzi19770,bornwanderer2,17
KeivanS5,xixiltik,17
fahimiqbalemon,GM7077,17
alihstem,ExplosiveMediaa,17
Anonymouso32196,zapanterablack,17
Anonymouso32196,ieaglewatch,17
elinggalatif,Just_Ayiex,17
Mima091203,bornwanderer2,17
Just_Ayiex,ysinvacaciones,17
Just_Ayiex,ieaglewatch,17
MontahaTarabey,ExplosiveMediaa,17
DenyThemEssence,GM7077,16
TheBirmingham6,MontahaTarabey,16
TimChowd,JoannaTeglund,16
moore_lynz45577,Soureh_design2,16
SangZhi260,anniefofani,16
txemasg,fahimiqbalemon,16
FernandezManu81,ouitrvl,16
UthamakiKE,qqggpp86,16
BenUzi19770,elinggalatif,16
BenUzi19770,209asif,16
preetijjain,MontahaTarabey,16
mayasdreams,209asif,16
alihstem,ouitrvl,16
xixiltik,YoCambio20D,16
ElsyObradorova,ysinvacaciones,16
fonzooe,Hessamedia,16
YoCambio20D,anniefofani,16
Ashborn_110,ExplosiveMediaa,16
TheBirmingham6,Abra_Company,15
farahadams,elinggalatif,15
txemasg,Oldbag12345,15
Soureh_design2,Ashborn_110,15
tchemtcem,ysinvacaciones,15
tchemtcem,Abra_Company,15
Mr_Bhagat08,BenUzi19770,15
Mr_Bhagat08,KeivanS5,15
Mr_Bhagat08,RIPGeorgeHabash,15
zaibx,zapanterablack,15
GhaithAhmed117,qaizimi,15
silversinergy,UthamakiKE,15
mayasdreams,Anonymouso32196,15
Oldbag12345,xixiltik,15
ouitrvl,bobreone,15
qqggpp86,fonzooe,15
Anonymouso32196,xixiltik,15
Anonymouso32196,RIPGeorgeHabash,15
xixiltik,bibishalom330,15
xixiltik,ieaglewatch,15
elinggalatif,MontahaTarabey,15
elinggalatif,ieaglewatch,15
zapanterablack,bobreone,15
vulgarboatman,d_normyle0,15
ieaglewatch,209asif,15
Hessamedia,GM7077,15
WOTCHA999,vulgarboatman,14
WOTCHA999,GM7077,14
WOTCHA999,Abra_Company,14
TimChowd,FernandezManu81,14
TimChowd,mayasdreams,14
TimChowd,DKLarge2,14
JeSuis34C,Oldbag12345,14
moore_lynz45577,fahimiqbalemon,14
moore_lynz45577,Richard_Prins,14
farahadams,preetijjain,14
txemasg,zaibx,14
txemasg,RIPGeorgeHabash,14
untung_armi,FernandezManu81,14
Soureh_design2,FernandezManu81,14
Soureh_design2,GhaithAhmed117,14
Soureh_design2,zapanterablack,14
xenosstinkriti2,FernandezManu81,14
xenosstinkriti2,qqggpp86,14
NocturnalDoom,mayasdreams,14
NocturnalDoom,fightBackAnon,14
Mr_Bhagat08,Anonymouso32196,14
zaibx,xixiltik,14
zaibx,elinggalatif,14
GhaithAhmed117,mayasdreams,14
GhaithAhmed117,EBRU24071923,14
GhaithAhmed117,anniefofani,14
silversinergy,YoCambio20D,14
silversinergy,Abra_Company,14
UthamakiKE,Anonymouso32196,14
BenUzi19770,d_normyle0,14
preetijjain,anniefofani,14
KeivanS5,Just_Ayiex,14
Oldbag12345,209asif,14
ouitrvl,d_normyle0,14
ouitrvl,YoCambio20D,14
ouitrvl,GM7077,14
Anonymouso32196,Just_Ayiex,14
xixiltik,ExplosiveMediaa,14
elinggalatif,zapanterablack,14
elinggalatif,vulgarboatman,14
DKLarge2,Just_Ayiex,14
EBRU24071923,bornwanderer2,14
MontahaTarabey,bornwanderer2,14
MontahaTarabey,209asif,14
bibishalom330,bornwanderer2,14
bibishalom330,209asif,14
bornwanderer2,ExplosiveMediaa,14
GM7077,ExplosiveMediaa,14
fightBackAnon,Abra_Company,14
WOTCHA999,xenosstinkriti2,13
WOTCHA999,RIPGeorgeHabash,13
WOTCHA999,ysinvacaciones,13
RGemmell75,untung_armi,13
RGemmell75,xenosstinkriti2,13
TheBirmingham6,xenosstinkriti2,13
TheBirmingham6,YoCambio20D,13
RHJOfficial,farahadams,13
Soundararajansm,ieaglewatch,13
moore_lynz45577,SangZhi260,13
moore_lynz45577,untung_armi,13
FernandezManu81,fahimiqbalemon,13
FernandezManu81,Hessamedia,13
NocturnalDoom,fahimiqbalemon,13
NocturnalDoom,ezbiderman,13
GhaithAhmed117,xixiltik,13
UthamakiKE,BenUzi19770,13
UthamakiKE,qaizimi,13
KeivanS5,elinggalatif,13
alihstem,bibishalom330,13
Oldbag12345,Just_Ayiex,13
qqggpp86,Abra_Company,13
Anonymouso32196,ysinvacaciones,13
Anonymouso32196,MontahaTarabey,13
vulgarboatman,bobreone,13
vulgarboatman,GM7077,13
EBRU24071923,fonzooe,13
ezbiderman,fightBackAnon,13
YoCambio20D,JoannaTeglund,13
WOTCHA999,TimChowd,12
WOTCHA999,silversinergy,12
RGemmell75,zaibx,12
RGemmell75,Richard_Prins,12
RGemmell75,fightBackAnon,12
TheBirmingham6,EBRU24071923,12
TimChowd,Mima091203,12
JeSuis34C,mayasdreams,12
JeSuis34C,YoCambio20D,12
Soundararajansm,farahadams,12
txemasg,silversinergy,12
Soureh_design2,xenosstinkriti2,12
Soureh_design2,MontahaTarabey,12
Soureh_design2,bornwanderer2,12
Soureh_design2,GM7077,12
xenosstinkriti2,ExplosiveMediaa,12
Mr_Bhagat08,elinggalatif,12
Mr_Bhagat08,zapanterablack,12
Mr_Bhagat08,DKLarge2,12
zaibx,Just_Ayiex,12
zaibx,GM7077,12
zaibx,209asif,12
silversinergy,fonzooe,12
UthamakiKE,KeivanS5,12
BenUzi19770,preetijjain,12
BenUzi19770,anniefofani,12
KeivanS5,bobreone,12
alihstem,xixiltik,12
alihstem,ieaglewatch,12
Oldbag12345,d_normyle0,12
Oldbag12345,YoCambio20D,12
ouitrvl,bornwanderer2,12
Anonymouso32196,vulgarboatman,12
xixiltik,MontahaTarabey,12
DKLarge2,fonzooe,12
bobreone,ieaglewatch,12
Just_Ayiex,bibishalom330,12
ysinvacaciones,GM7077,12
EBRU24071923,YoCambio20D,12
MontahaTarabey,fightBackAnon,12
ieaglewatch,YoCambio20D,12
209asif,ExplosiveMediaa,12
DenyThemEssence,KeivanS5,11
DenyThemEssence,Oldbag12345,11
WOTCHA999,MontahaTarabey,11
RGemmell75,fahimiqbalemon,11
RGemmell75,MontahaTarabey,11
TimChowd,ouitrvl,11
JeSuis34C,JoannaTeglund,11
moore_lynz45577,zapanterablack,11
farahadams,YoCambio20D,11
SangZhi260,qqggpp86,11
txemasg,ouitrvl,11
txemasg,Hessamedia,11
Bas642654743206,anniefofani,11
tchemtcem,ExplosiveMediaa,11
FernandezManu81,Abra_Company,11
FernandezManu81,ExplosiveMediaa,11
Mr_Bhagat08,ysinvacaciones,11
Mr_Bhagat08,MontahaTarabey,11
zaibx,preetijjain,11
UthamakiKE,DKLarge2,11
UthamakiKE,bibishalom330,11
Oldbag12345,bobreone,11
Anonymouso32196,ExplosiveMediaa,11
xixiltik,EnriqueGarcaSo8,11
zapanterablack,fonzooe,11
qaizimi,YoCambio20D,11
bornwanderer2,anniefofani,11
Hessamedia,Ashborn_110,11
DenyThemEssence,qqggpp86,10
DenyThemEssence,EBRU24071923,10
WOTCHA999,zapanterablack,10
RGemmell75,Hessamedia,10
RHJOfficial,Oldbag12345,10
Soundararajansm,Mima091203,10
moore_lynz45577,xenosstinkriti2,10
moore_lynz45577,Abra_Company,10
farahadams,ieaglewatch,10
SangZhi260,FernandezManu81,10
SangZhi260,mayasdreams,10
txemasg,vulgarboatman,10
tchemtcem,zapanterablack,10
FernandezManu81,zaibx,10
FernandezManu81,zapanterablack,10
NocturnalDoom,zaibx,10
NocturnalDoom,Oldbag12345,10
NocturnalDoom,vulgarboatman,10
zaibx,jethalaalhu,10
GhaithAhmed117,fightBackAnon,10
silversinergy,fightBackAnon,10
UthamakiKE,xixiltik,10
preetijjain,alihstem,10
preetijjain,elinggalatif,10
preetijjain,ExplosiveMediaa,10
mayasdreams,d_normyle0,10
KeivanS5,Abra_Company,10
alihstem,ysinvacaciones,10
Oldbag12345,Anonymouso32196,10
Anonymouso32196,d_normyle0,10
xixiltik,bornwanderer2,10
elinggalatif,EBRU24071923,10
Richard_Prins,ElsyObradorova,10
zapanterablack,fightBackAnon,10
RIPGeorgeHabash,fonzooe,10
RIPGeorgeHabash,d_normyle0,10
Just_Ayiex,EBRU24071923,10
Just_Ayiex,ExplosiveMediaa,10
bibishalom330,anniefofani,10
bornwanderer2,209asif,10
DenyThemEssence,zapanterablack,9
DenyThemEssence,qaizimi,9
WOTCHA999,txemasg,9
WOTCHA999,ezbiderman,9
RGemmell75,GM7077,9
moore_lynz45577,Hessamedia,9
moore_lynz45577,GM7077,9
moore_lynz45577,fightBackAnon,9
farahadams,GhaithAhmed117,9
farahadams,EBRU24071923,9
Person453112,Hessamedia,9
Person453112,anniefofani,9
Revolution93843,ExplosiveMediaa,9
SangZhi260,Mima091203,9
SangZhi260,vulgarboatman,9
Bas642654743206,ExplosiveMediaa,9
Soureh_design2,alihstem,9
Soureh_design2,bibishalom330,9
xenosstinkriti2,fightBackAnon,9
tchemtcem,NocturnalDoom,9
tchemtcem,elinggalatif,9
tchemtcem,MontahaTarabey,9
NocturnalDoom,qaizimi,9
NocturnalDoom,Hessamedia,9
Mr_Bhagat08,zaibx,9
Mr_Bhagat08,jethalaalhu,9
Mr_Bhagat08,vulgarboatman,9
zaibx,Anonymouso32196,9
GhaithAhmed117,ouitrvl,9
GhaithAhmed117,209asif,9
BenUzi19770,bobreone,9
preetijjain,xixiltik,9
preetijjain,bibishalom330,9
KeivanS5,d_normyle0,9
alihstem,Anonymouso32196,9
alihstem,anniefofani,9
Anonymouso32196,fonzooe,9
xixiltik,bobreone,9
elinggalatif,bibishalom330,9
jethalaalhu,ieaglewatch,9
vulgarboatman,fonzooe,9
bobreone,anniefofani,9
ysinvacaciones,fonzooe,9
ysinvacaciones,bornwanderer2,9
YoCambio20D,Hessamedia,9
GM7077,Abra_Company,9
WOTCHA999,Person453112,8
RGemmell75,vulgarboatman,8
RGemmell75,ysinvacaciones,8
TheBirmingham6,GhaithAhmed117,8
TheBirmingham6,preetijjain,8
RHJOfficial,DKLarge2,8
TimChowd,moore_lynz45577,8
TimChowd,untung_armi,8
JeSuis34C,tchemtcem,8
Soundararajansm,tchemtcem,8
Soundararajansm,Oldbag12345,8
moore_lynz45577,silversinergy,8
farahadams,Revolution93843,8
Revolution93843,zaibx,8
txemasg,tchemtcem,8
txemasg,xixiltik,8
txemasg,fightBackAnon,8
Bas642654743206,Soureh_design2,8
xenosstinkriti2,fahimiqbalemon,8
xenosstinkriti2,ouitrvl,8
FernandezManu81,MontahaTarabey,8
FernandezManu81,YoCambio20D,8
FernandezManu81,GM7077,8
NocturnalDoom,qqggpp86,8
NocturnalDoom,Abra_Company,8
Mr_Bhagat08,xixiltik,8
Mr_Bhagat08,Just_Ayiex,8
zaibx,Ashborn_110,8
GhaithAhmed117,Anonymouso32196,8
GhaithAhmed117,bibishalom330,8
GhaithAhmed117,ieaglewatch,8
silversinergy,ElsyObradorova,8
UthamakiKE,RIPGeorgeHabash,8
UthamakiKE,EBRU24071923,8
preetijjain,209asif,8
mayasdreams,ElsyObradorova,8
mayasdreams,fonzooe,8
KeivanS5,fonzooe,8
KeivanS5,YoCambio20D,8
KeivanS5,fightBackAnon,8
ouitrvl,ElsyObradorova,8
xixiltik,anniefofani,8
elinggalatif,bobreone,8
elinggalatif,JoannaTeglund,8
ElsyObradorova,ezbiderman,8
zapanterablack,EnriqueGarcaSo8,8
zapanterablack,d_normyle0,8
vulgarboatman,Abra_Company,8
bobreone,EBRU24071923,8
ysinvacaciones,d_normyle0,8
EBRU24071923,fightBackAnon,8
MontahaTarabey,fonzooe,8
ieaglewatch,bornwanderer2,8
bornwanderer2,JoannaTeglund,8
bornwanderer2,fightBackAnon,8
ezbiderman,Abra_Company,8
anniefofani,Ashborn_110,8
DenyThemEssence,WOTCHA999,7
RGemmell75,RHJOfficial,7
RGemmell75,JeSuis34C,7
TimChowd,anniefofani,7
Soundararajansm,mayasdreams,7
Soundararajansm,JoannaTeglund,7
moore_lynz45577,qaizimi,7
moore_lynz45577,MontahaTarabey,7
farahadams,Person453112,7
farahadams,Bas642654743206,7
farahadams,d_normyle0,7
SangZhi260,fahimiqbalemon,7
SangZhi260,ExplosiveMediaa,7
txemasg,KeivanS5,7
txemasg,EBRU24071923,7
untung_armi,anniefofani,7
xenosstinkriti2,RIPGeorgeHabash,7
xenosstinkriti2,Abra_Company,7
tchemtcem,KeivanS5,7
FernandezManu81,ysinvacaciones,7
NocturnalDoom,silversinergy,7
NocturnalDoom,ysinvacaciones,7
Mr_Bhagat08,UthamakiKE,7
Mr_Bhagat08,preetijjain,7
Mr_Bhagat08,209asif,7
Mr_Bhagat08,ExplosiveMediaa,7
zaibx,UthamakiKE,7
GhaithAhmed117,zapanterablack,7
GhaithAhmed117,Abra_Company,7
silversinergy,jethalaalhu,7
UthamakiKE,mayasdreams,7
UthamakiKE,zapanterablack,7
UthamakiKE,Just_Ayiex,7
UthamakiKE,MontahaTarabey,7
preetijjain,Anonymouso32196,7
preetijjain,bobreone,7
preetijjain,Just_Ayiex,7
preetijjain,YoCambio20D,7
preetijjain,JoannaTeglund,7
fahimiqbalemon,ElsyObradorova,7
alihstem,elinggalatif,7
alihstem,jethalaalhu,7
Anonymouso32196,elinggalatif,7
Anonymouso32196,bornwanderer2,7
xixiltik,d_normyle0,7
xixiltik,209asif,7
ElsyObradorova,DKLarge2,7
ElsyObradorova,Hessamedia,7
jethalaalhu,DKLarge2,7
zapanterablack,bornwanderer2,7
zapanterablack,GM7077,7
qaizimi,fightBackAnon,7
bobreone,MontahaTarabey,7
bobreone,bibishalom330,7
bobreone,YoCambio20D,7
ysinvacaciones,209asif,7
EBRU24071923,Abra_Company,7
fonzooe,ieaglewatch,7
ieaglewatch,d_normyle0,7
DenyThemEssence,ysinvacaciones,6
WOTCHA999,Soureh_design2,6
WOTCHA999,NocturnalDoom,6
WOTCHA999,ieaglewatch,6
WOTCHA999,YoCambio20D,6
RGemmell75,elinggalatif,6
TheBirmingham6,TimChowd,6
TheBirmingham6,Revolution93843,6
TheBirmingham6,bibishalom330,6
RHJOfficial,mayasdreams,6
JeSuis34C,moore_lynz45577,6
JeSuis34C,Soureh_design2,6
ModigWoman,Soureh_design2,6
Soundararajansm,DKLarge2,6
moore_lynz45577,KeivanS5,6
moore_lynz45577,ezbiderman,6
moore_lynz45577,YoCambio20D,6
farahadams,bornwanderer2,6
Person453112,Oldbag12345,6
Person453112,Mima091203,6
Person453112,JoannaTeglund,6
Person453112,fightBackAnon,6
Revolution93843,mayasdreams,6
txemasg,qqggpp86,6
txemasg,MontahaTarabey,6
untung_armi,ouitrvl,6
Bas642654743206,Hessamedia,6
Soureh_design2,BenUzi19770,6
xenosstinkriti2,zaibx,6
xenosstinkriti2,GhaithAhmed117,6
xenosstinkriti2,silversinergy,6
xenosstinkriti2,Richard_Prins,6
tchemtcem,qaizimi,6
tchemtcem,YoCambio20D,6
FernandezManu81,NocturnalDoom,6
NocturnalDoom,GM7077,6
Mr_Bhagat08,Oldbag12345,6
Mr_Bhagat08,fonzooe,6
Mr_Bhagat08,anniefofani,6
zaibx,YoCambio20D,6
GhaithAhmed117,UthamakiKE,6
GhaithAhmed117,preetijjain,6
GhaithAhmed117,jethalaalhu,6
GhaithAhmed117,JoannaTeglund,6
UthamakiKE,elinggalatif,6
UthamakiKE,ysinvacaciones,6
UthamakiKE,bornwanderer2,6
UthamakiKE,anniefofani,6
BenUzi19770,YoCambio20D,6
KeivanS5,jethalaalhu,6
fahimiqbalemon,jethalaalhu,6
alihstem,zapanterablack,6
alihstem,fonzooe,6
alihstem,d_normyle0,6
Anonymouso32196,bobreone,6
Anonymouso32196,209asif,6
xixiltik,elinggalatif,6
elinggalatif,YoCambio20D,6
Mima091203,jethalaalhu,6
ElsyObradorova,qaizimi,6
ElsyObradorova,anniefofani,6
jethalaalhu,vulgarboatman,6
jethalaalhu,EBRU24071923,6
jethalaalhu,ezbiderman,6
jethalaalhu,209asif,6
vulgarboatman,YoCambio20D,6
bobreone,Just_Ayiex,6
Just_Ayiex,MontahaTarabey,6
ysinvacaciones,EnriqueGarcaSo8,6
ysinvacaciones,fightBackAnon,6
MontahaTarabey,GM7077,6
bibishalom330,fonzooe,6
bibishalom330,JoannaTeglund,6
fonzooe,d_normyle0,6
ezbiderman,GM7077,6
d_normyle0,JoannaTeglund,6
DenyThemEssence,txemasg,5
WOTCHA999,Soundararajansm,5
WOTCHA999,ExplosiveMediaa,5
RGemmell75,Soundararajansm,5
RGemmell75,txemasg,5
RGemmell75,NocturnalDoom,5
RGemmell75,zapanterablack,5
RGemmell75,RIPGeorgeHabash,5
TheBirmingham6,JeSuis34C,5
TheBirmingham6,untung_armi,5
RHJOfficial,tchemtcem,5
RHJOfficial,FernandezManu81,5
RHJOfficial,qqggpp86,5
TimChowd,zapanterablack,5
JeSuis34C,anniefofani,5
MudassarAKLodhi,Richard_Prins,5
moore_lynz45577,zaibx,5
moore_lynz45577,d_normyle0,5
farahadams,Mr_Bhagat08,5
farahadams,bibishalom330,5
Person453112,Soureh_design2,5
Person453112,GhaithAhmed117,5
Person453112,DKLarge2,5
Person453112,bornwanderer2,5
Person453112,ExplosiveMediaa,5
Revolution93843,alihstem,5
Revolution93843,Mima091203,5
Revolution93843,DKLarge2,5
Revolution93843,anniefofani,5
SangZhi260,fightBackAnon,5
txemasg,bibishalom330,5
txemasg,ezbiderman,5
untung_armi,elinggalatif,5
untung_armi,fightBackAnon,5
Soureh_design2,Mr_Bhagat08,5
Soureh_design2,Anonymouso32196,5
Soureh_design2,Gokturk0034,5
xenosstinkriti2,MontahaTarabey,5
xenosstinkriti2,Hessamedia,5
tchemtcem,GhaithAhmed117,5
FernandezManu81,KeivanS5,5
NocturnalDoom,zapanterablack,5
Mr_Bhagat08,bobreone,5
zaibx,fonzooe,5
GhaithAhmed117,fonzooe,5
GhaithAhmed117,d_normyle0,5
silversinergy,GM7077,5
UthamakiKE,vulgarboatman,5
UthamakiKE,d_normyle0,5
BenUzi19770,ElsyObradorova,5
BenUzi19770,jethalaalhu,5
preetijjain,fonzooe,5
preetijjain,bornwanderer2,5
fahimiqbalemon,EnriqueGarcaSo8,5
alihstem,fightBackAnon,5
ouitrvl,EnriqueGarcaSo8,5
qqggpp86,ElsyObradorova,5
qqggpp86,jethalaalhu,5
Anonymouso32196,ElsyObradorova,5
xixiltik,jethalaalhu,5
xixiltik,fonzooe,5
elinggalatif,ElsyObradorova,5
elinggalatif,fonzooe,5
elinggalatif,bornwanderer2,5
elinggalatif,209asif,5
Mima091203,Ashborn_110,5
Richard_Prins,jethalaalhu,5
Richard_Prins,EnriqueGarcaSo8,5
ElsyObradorova,zapanterablack,5
ElsyObradorova,fonzooe,5
jethalaalhu,qaizimi,5
jethalaalhu,bibishalom330,5
jethalaalhu,bornwanderer2,5
jethalaalhu,Hessamedia,5
DKLarge2,Ashborn_110,5
vulgarboatman,Just_Ayiex,5
qaizimi,Abra_Company,5
Just_Ayiex,fonzooe,5
Just_Ayiex,bornwanderer2,5
Just_Ayiex,d_normyle0,5
EBRU24071923,Ashborn_110,5
MontahaTarabey,Abra_Company,5
bibishalom330,d_normyle0,5
fonzooe,209asif,5
fonzooe,ExplosiveMediaa,5
ieaglewatch,JoannaTeglund,5
bornwanderer2,GM7077,5
DenyThemEssence,Bas642654743206,4
DenyThemEssence,tchemtcem,4
DenyThemEssence,FernandezManu81,4
DenyThemEssence,YoCambio20D,4
WOTCHA999,qaizimi,4
RGemmell75,preetijjain,4
TheBirmingham6,Soundararajansm,4
TheBirmingham6,Anonymouso32196,4
TheBirmingham6,d_normyle0,4
RHJOfficial,ouitrvl,4
RHJOfficial,Mima091203,4
RHJOfficial,JoannaTeglund,4
TimChowd,Richard_Prins,4
TimChowd,Hessamedia,4
JeSuis34C,FernandezManu81,4
JeSuis34C,DKLarge2,4
JeSuis34C,fightBackAnon,4
MudassarAKLodhi,Revolution93843,4
MudassarAKLodhi,zaibx,4
MudassarAKLodhi,ouitrvl,4
ModigWoman,Hessamedia,4
Soundararajansm,moore_lynz45577,4
Soundararajansm,untung_armi,4
Soundararajansm,ouitrvl,4
Soundararajansm,qqggpp86,4
moore_lynz45577,NocturnalDoom,4
moore_lynz45577,elinggalatif,4
moore_lynz45577,ExplosiveMediaa,4
Person453112,txemasg,4
Person453112,xenosstinkriti2,4
Person453112,zaibx,4
Person453112,qqggpp86,4
Person453112,Richard_Prins,4
Person453112,EBRU24071923,4
Person453112,Ashborn_110,4
Revolution93843,Richard_Prins,4
Revolution93843,Hessamedia,4
Revolution93843,JoannaTeglund,4
Revolution93843,Gokturk0034,4
SangZhi260,KeivanS5,4
SangZhi260,qaizimi,4
txemasg,NocturnalDoom,4
txemasg,BenUzi19770,4
txemasg,zapanterablack,4
txemasg,qaizimi,4
txemasg,Abra_Company,4
untung_armi,KeivanS5,4
untung_armi,fahimiqbalemon,4
untung_armi,Hessamedia,4
Bas642654743206,fahimiqbalemon,4
Soureh_design2,xixiltik,4
Soureh_design2,elinggalatif,4
xenosstinkriti2,KeivanS5,4
xenosstinkriti2,YoCambio20D,4
tchemtcem,ezbiderman,4
tchemtcem,d_normyle0,4
FernandezManu81,ezbiderman,4
NocturnalDoom,EBRU24071923,4
relewinde,ouitrvl,4
Mr_Bhagat08,GhaithAhmed117,4
Mr_Bhagat08,alihstem,4
Mr_Bhagat08,bornwanderer2,4
Mr_Bhagat08,YoCambio20D,4
zaibx,ElsyObradorova,4
zaibx,bobreone,4
GhaithAhmed117,elinggalatif,4
GhaithAhmed117,bobreone,4
GhaithAhmed117,Just_Ayiex,4
GhaithAhmed117,ysinvacaciones,4
GhaithAhmed117,GM7077,4
GhaithAhmed117,Ashborn_110,4
UthamakiKE,Oldbag12345,4
UthamakiKE,fonzooe,4
UthamakiKE,ieaglewatch,4
preetijjain,d_normyle0,4
fahimiqbalemon,Ashborn_110,4
alihstem,bobreone,4
alihstem,GM7077,4
Oldbag12345,fonzooe,4
Oldbag12345,Ashborn_110,4
ouitrvl,jethalaalhu,4
qqggpp86,Ashborn_110,4
Anonymouso32196,YoCambio20D,4
Anonymouso32196,anniefofani,4
xixiltik,JoannaTeglund,4
elinggalatif,d_normyle0,4
elinggalatif,anniefofani,4
elinggalatif,ExplosiveMediaa,4
ElsyObradorova,vulgarboatman,4
ElsyObradorova,EBRU24071923,4
ElsyObradorova,MontahaTarabey,4
ElsyObradorova,d_normyle0,4
jethalaalhu,RIPGeorgeHabash,4
jethalaalhu,MontahaTarabey,4
zapanterablack,Abra_Company,4
zapanterablack,209asif,4
bobreone,fonzooe,4
bobreone,d_normyle0,4
Just_Ayiex,YoCambio20D,4
ysinvacaciones,Abra_Company,4
MontahaTarabey,Ashborn_110,4
EnriqueGarcaSo8,YoCambio20D,4
bornwanderer2,Abra_Company,4
anniefofani,209asif,4
DenyThemEssence,moore_lynz45577,3
DenyThemEssence,UthamakiKE,3
DenyThemEssence,bibishalom330,3
DenyThemEssence,ieaglewatch,3
mannaggiaDegll,farahadams,3
WOTCHA999,RHJOfficial,3
WOTCHA999,SangZhi260,3
WOTCHA999,KeivanS5,3
WOTCHA999,elinggalatif,3
WOTCHA999,EBRU24071923,3
RGemmell75,risoflo,3
RGemmell75,Soureh_design2,3
RGemmell75,KeivanS5,3
RGemmell75,qaizimi,3
RGemmell75,ieaglewatch,3
RGemmell75,YoCambio20D,3
RGemmell75,Abra_Company,3
RGemmell75,ExplosiveMediaa,3
TheBirmingham6,Iamdotun4,3
TheBirmingham6,MudassarAKLodhi,3
TheBirmingham6,Person453112,3
TheBirmingham6,SangZhi260,3
TheBirmingham6,relewinde,3
TheBirmingham6,Mr_Bhagat08,3
TheBirmingham6,UthamakiKE,3
TheBirmingham6,BenUzi19770,3
TheBirmingham6,elinggalatif,3
risoflo,Oldbag12345,3
RHJOfficial,moore_lynz45577,3
RHJOfficial,fahimiqbalemon,3
RHJOfficial,Hessamedia,3
RHJOfficial,anniefofani,3
TimChowd,KeivanS5,3
TimChowd,elinggalatif,3
TimChowd,MontahaTarabey,3
TimChowd,GM7077,3
TimChowd,fightBackAnon,3
JeSuis34C,ouitrvl,3
JeSuis34C,zapanterablack,3
MudassarAKLodhi,mayasdreams,3
MudassarAKLodhi,qqggpp86,3
MudassarAKLodhi,DKLarge2,3
MudassarAKLodhi,RIPGeorgeHabash,3
MudassarAKLodhi,EBRU24071923,3
MudassarAKLodhi,ezbiderman,3
MudassarAKLodhi,anniefofani,3
BeingHasan0,tchemtcem,3
BeingHasan0,Oldbag12345,3
BeingHasan0,JoannaTeglund,3
ModigWoman,Person453112,3
ModigWoman,xenosstinkriti2,3
ModigWoman,ExplosiveMediaa,3
Soundararajansm,Soureh_design2,3
moore_lynz45577,txemasg,3
Person453112,malik_musa14350,3
Person453112,silversinergy,3
Person453112,fahimiqbalemon,3
Person453112,alihstem,3
Person453112,ouitrvl,3
Person453112,qaizimi,3
Person453112,Abra_Company,3
Revolution93843,Oldbag12345,3
Revolution93843,ezbiderman,3
SangZhi260,zaibx,3
SangZhi260,ouitrvl,3
SangZhi260,Richard_Prins,3
txemasg,xenosstinkriti2,3
txemasg,FernandezManu81,3
txemasg,GhaithAhmed117,3
txemasg,alihstem,3
untung_armi,Soureh_design2,3
untung_armi,zapanterablack,3
untung_armi,qaizimi,3
untung_armi,GM7077,3
Bas642654743206,ouitrvl,3
Bas642654743206,Richard_Prins,3
Bas642654743206,RIPGeorgeHabash,3
Bas642654743206,Abra_Company,3
Soureh_design2,preetijjain,3
Soureh_design2,jethalaalhu,3
Soureh_design2,Just_Ayiex,3
Soureh_design2,d_normyle0,3
xenosstinkriti2,zapanterablack,3
xenosstinkriti2,vulgarboatman,3
tchemtcem,silversinergy,3
tchemtcem,preetijjain,3
tchemtcem,Ashborn_110,3
FernandezManu81,silversinergy,3
FernandezManu81,preetijjain,3
FernandezManu81,elinggalatif,3
FernandezManu81,qaizimi,3
NocturnalDoom,xixiltik,3
Mr_Bhagat08,ElsyObradorova,3
Mr_Bhagat08,EnriqueGarcaSo8,3
Mr_Bhagat08,JoannaTeglund,3
Mr_Bhagat08,GM7077,3
GhaithAhmed117,YoCambio20D,3
UthamakiKE,preetijjain,3
UthamakiKE,bobreone,3
UthamakiKE,ExplosiveMediaa,3
BenUzi19770,fightBackAnon,3
BenUzi19770,Abra_Company,3
preetijjain,jethalaalhu,3
mayasdreams,Ashborn_110,3
alihstem,Ashborn_110,3
Oldbag12345,jethalaalhu,3
ouitrvl,Ashborn_110,3
Anonymouso32196,jethalaalhu,3
xixiltik,Just_Ayiex,3
elinggalatif,jethalaalhu,3
Richard_Prins,Ashborn_110,3
ElsyObradorova,JoannaTeglund,3
DKLarge2,EnriqueGarcaSo8,3
qaizimi,Ashborn_110,3
bobreone,bornwanderer2,3
bobreone,209asif,3
RIPGeorgeHabash,Ashborn_110,3
Just_Ayiex,anniefofani,3
fonzooe,bornwanderer2,3
fonzooe,YoCambio20D,3
EnriqueGarcaSo8,Hessamedia,3
bornwanderer2,YoCambio20D,3
bornwanderer2,Ashborn_110,3
d_normyle0,YoCambio20D,3
d_normyle0,209asif,3
d_normyle0,ExplosiveMediaa,3
YoCambio20D,fightBackAnon,3
JoannaTeglund,Ashborn_110,3
GM7077,Ashborn_110,3
fightBackAnon,Ashborn_110,3
Ashborn_110,Abra_Company,3
